PassengerId,Survived,Pclass,Sex,Age,Embarked,transformed_fare_boxcox,family_size
1,0.0,third,male,22.0,S,2.1981882907468275,1
2,1.0,first,female,38.0,C,4.5696911238312605,1
3,1.0,third,female,26.0,S,2.2836076731051764,0
4,1.0,first,female,35.0,S,4.313318787437226,1
5,0.0,third,male,35.0,S,2.298741416634416,0
6,0.0,third,male,28.0,Q,2.3468105394852716,0
7,0.0,first,male,54.0,S,4.286352973503965,0
8,0.0,third,male,2.0,S,3.286066879684541,4
9,1.0,third,female,27.0,S,2.6196507413709242,2
10,1.0,second,female,14.0,C,3.673621457919572,1
11,1.0,third,female,4.0,S,3.0383301841784434,2
12,1.0,first,female,58.0,S,3.5366841629052153,0
13,0.0,third,male,20.0,S,2.298741416634416,0
14,0.0,third,male,39.0,S,3.717048828884125,6
15,0.0,third,female,14.0,S,2.2749452586250603,0
16,1.0,second,female,55.0,S,2.9932996802796334,0
17,0.0,third,male,2.0,Q,3.638362694208615,5
18,1.0,second,male,28.0,S,2.777603181054726,0
19,0.0,third,female,31.0,S,3.1175925678666054,1
20,1.0,third,female,28.0,C,2.194897059312226,0
21,0.0,second,male,35.0,S,3.513785040735813,0
22,1.0,second,male,34.0,S,2.777603181054726,0
23,1.0,third,female,15.0,Q,2.2962371562421495,0
24,1.0,first,male,28.0,S,3.857983801189261,0
25,0.0,third,female,8.0,S,3.286066879684541,4
26,1.0,third,female,38.0,S,3.721026028519933,6
27,0.0,third,male,28.0,C,2.194897059312226,0
28,0.0,first,male,19.0,S,4.5696911238312605,5
29,1.0,third,female,28.0,Q,2.2780116031497357,0
30,0.0,third,male,28.0,S,2.2800430731121577,0
31,0.0,first,male,40.0,C,3.5840008578674367,0
32,1.0,first,female,28.0,C,4.5696911238312605,1
33,1.0,third,female,28.0,Q,2.2620744220130624,0
34,0.0,second,male,66.0,S,2.5607050610158515,0
35,0.0,first,male,28.0,C,4.5696911238312605,1
36,0.0,first,male,42.0,S,4.289378979298662,1
37,1.0,third,male,28.0,C,2.1954506578746154,0
38,0.0,third,male,21.0,S,2.298741416634416,0
39,0.0,third,female,18.0,S,3.1175925678666054,2
40,1.0,third,female,14.0,C,2.6294427589688523,1
41,0.0,third,female,40.0,S,2.458341308455669,1
42,0.0,second,female,27.0,S,3.2822338191845852,1
43,0.0,third,male,28.0,C,2.2800430731121577,0
44,1.0,second,female,3.0,C,4.035415412562265,3
45,1.0,third,female,19.0,Q,2.2780116031497357,0
46,0.0,third,male,28.0,S,2.298741416634416,0
47,0.0,third,male,28.0,Q,2.9600298510183527,1
48,1.0,third,female,28.0,Q,2.2620744220130624,0
49,0.0,third,male,28.0,C,3.3164969893187175,2
50,0.0,third,female,18.0,S,3.105744333609867,1
51,0.0,third,male,7.0,S,3.982964745615282,5
52,0.0,third,male,21.0,S,2.2682687338887018,0
53,1.0,first,female,49.0,C,4.5696911238312605,1
54,1.0,second,female,29.0,S,3.513785040735813,1
55,0.0,first,male,65.0,C,4.491012474699001,1
56,1.0,first,male,28.0,S,3.857983801189261,0
57,1.0,second,female,21.0,S,2.5607050610158515,0
58,0.0,third,male,28.5,C,2.1954506578746154,0
59,1.0,second,female,5.0,S,3.585157086399766,3
60,0.0,third,male,11.0,S,4.171744290884533,7
61,0.0,third,male,22.0,C,2.1954506578746154,0
62,1.0,first,female,38.0,S,4.5696911238312605,0
63,0.0,first,male,45.0,S,4.5696911238312605,1
64,0.0,third,male,4.0,S,3.5910788749873976,5
65,0.0,first,male,28.0,C,3.5840008578674367,0
66,1.0,third,male,28.0,C,2.942741925808172,2
67,1.0,second,female,29.0,S,2.5607050610158515,0
68,0.0,third,male,19.0,S,2.3116916586980913,0
69,1.0,third,female,17.0,S,2.2836076731051764,6
70,0.0,third,male,26.0,S,2.3701073156699786,2
71,0.0,second,male,32.0,S,2.5607050610158515,0
72,0.0,third,female,16.0,S,4.171744290884533,7
73,0.0,second,male,21.0,S,4.5696911238312605,0
74,0.0,third,male,26.0,C,2.887189329279823,1
75,1.0,third,male,32.0,S,4.384376372619725,0
76,0.0,third,male,25.0,S,2.249583025464899,0
77,0.0,third,male,28.0,S,2.2800430731121577,0
78,0.0,third,male,28.0,S,2.298741416634416,0
79,1.0,second,male,0.83,S,3.633623358212787,2
80,1.0,third,female,30.0,S,2.735330919128178,0
81,0.0,third,male,22.0,S,2.4075935973283236,0
82,1.0,third,male,29.0,S,2.4609505506652085,0
83,1.0,third,female,28.0,Q,2.2667233346585505,0
84,0.0,first,male,28.0,S,4.176579722725889,0
85,1.0,second,female,17.0,S,2.5607050610158515,0
86,1.0,third,female,33.0,S,2.983418614506399,3
87,0.0,third,male,16.0,S,3.8220543195361,4
88,0.0,third,male,28.0,S,2.298741416634416,0
89,1.0,first,female,23.0,S,4.5696911238312605,5
90,0.0,third,male,24.0,S,2.298741416634416,0
91,0.0,third,male,29.0,S,2.298741416634416,0
92,0.0,third,male,20.0,S,2.2749452586250603,0
93,0.0,first,male,46.0,S,4.475945405394655,1
94,0.0,third,male,26.0,S,3.260272909051386,3
95,0.0,third,male,59.0,S,2.1981882907468275,0
96,0.0,third,male,28.0,S,2.298741416634416,0
97,0.0,first,male,71.0,C,3.831072642025575,0
98,1.0,first,male,23.0,C,4.516425055097299,1
99,1.0,second,female,34.0,S,3.380390678554293,1
100,0.0,second,male,34.0,S,3.513785040735813,1
101,0.0,third,female,28.0,S,2.2800430731121577,0
102,0.0,third,male,28.0,S,2.2800430731121577,0
103,0.0,first,male,21.0,S,4.5696911238312605,1
104,0.0,third,male,33.0,S,2.36916965439768,0
105,0.0,third,male,37.0,S,2.2836076731051764,2
106,0.0,third,male,28.0,S,2.2800430731121577,0
107,1.0,third,female,21.0,S,2.249583025464899,0
108,1.0,third,male,28.0,S,2.2651758202163546,0
109,0.0,third,male,38.0,S,2.2800430731121577,0
110,1.0,third,female,28.0,Q,3.433325976064744,1
111,0.0,first,male,47.0,S,4.289378979298662,0
112,0.0,third,female,14.5,C,2.887189329279823,1
113,0.0,third,male,22.0,S,2.298741416634416,0
114,0.0,third,female,20.0,S,2.4943376391827377,1
115,0.0,third,female,17.0,C,2.8874840443391774,0
116,0.0,third,male,21.0,S,2.2836076731051764,0
117,0.0,third,male,70.5,Q,2.2620744220130624,0
118,0.0,second,male,29.0,S,3.2822338191845852,1
119,0.0,first,male,24.0,C,4.5696911238312605,1
120,0.0,third,female,2.0,S,3.717048828884125,6
121,0.0,second,male,21.0,S,4.5696911238312605,2
122,0.0,third,male,28.0,S,2.298741416634416,0
123,0.0,second,male,32.5,C,3.673621457919572,1
124,1.0,second,female,32.5,S,2.777603181054726,0
125,0.0,first,male,54.0,S,4.5696911238312605,1
126,1.0,third,male,12.0,C,2.6294427589688523,1
127,0.0,third,male,28.0,Q,2.2620744220130624,0
128,1.0,third,male,24.0,S,2.1838608277962637,0
129,1.0,third,female,28.0,C,3.3497825226455333,2
130,0.0,third,male,45.0,S,2.1614452249264473,0
131,0.0,third,male,33.0,C,2.2800430731121577,0
132,0.0,third,male,20.0,S,2.1715854424073235,0
133,0.0,third,female,47.0,S,2.890477249736815,1
134,1.0,second,female,29.0,S,3.513785040735813,1
135,0.0,second,male,25.0,S,2.777603181054726,0
136,0.0,second,male,23.0,C,2.9289562796212927,0
137,1.0,first,female,19.0,S,3.525635610408596,2
138,0.0,first,male,37.0,S,4.313318787437226,1
139,0.0,third,male,16.0,S,2.4310264731825035,0
140,0.0,first,male,24.0,C,4.5696911238312605,0
141,0.0,third,female,28.0,C,2.942741925808172,2
142,1.0,third,female,22.0,S,2.2620744220130624,0
143,1.0,third,female,24.0,S,2.983418614506399,1
144,0.0,third,male,19.0,Q,2.1304649486697054,0
145,0.0,second,male,18.0,S,2.6524436113448986,0
146,0.0,second,male,19.0,S,3.896677296966609,2
147,1.0,third,male,27.0,S,2.26774971533858,0
148,0.0,third,female,9.0,S,3.8220543195361,4
149,0.0,second,male,36.5,S,3.513785040735813,2
150,0.0,second,male,42.0,S,2.777603181054726,0
151,0.0,second,male,51.0,S,2.7394244635684193,0
152,1.0,first,female,22.0,S,4.5696911238312605,1
153,0.0,third,male,55.5,S,2.298741416634416,0
154,0.0,third,male,40.5,S,2.890477249736815,2
155,0.0,third,male,28.0,S,2.2063745981486207,0
156,0.0,first,male,51.0,C,4.47978886204259,1
157,1.0,third,female,16.0,Q,2.259997937603898,0
158,0.0,third,male,30.0,S,2.298741416634416,0
159,0.0,third,male,28.0,S,2.3701073156699786,0
160,0.0,third,male,28.0,S,4.5696911238312605,10
161,0.0,third,male,44.0,S,2.999840590640557,1
162,1.0,second,female,40.0,S,2.976784137928168,0
163,0.0,third,male,26.0,S,2.2651758202163546,0
164,0.0,third,male,17.0,S,2.3701073156699786,0
165,0.0,third,male,1.0,S,3.982964745615282,5
166,1.0,third,male,9.0,S,3.2576619762286407,2
167,1.0,first,female,28.0,S,4.3535878320536785,1
168,0.0,third,female,45.0,S,3.5910788749873976,5
169,0.0,first,male,28.0,S,3.5106277399272785,0
170,0.0,third,male,28.0,S,4.384376372619725,0
171,0.0,first,male,61.0,S,3.793341276768074,0
172,0.0,third,male,4.0,Q,3.638362694208615,5
173,1.0,third,female,1.0,S,2.6196507413709242,2
174,0.0,third,male,21.0,S,2.2836076731051764,0
175,0.0,first,male,56.0,C,3.696359075442676,0
176,0.0,third,male,18.0,S,2.2749452586250603,2
177,0.0,third,male,28.0,S,3.4911488239960256,4
178,0.0,first,female,50.0,C,3.6226504238348185,0
179,0.0,second,male,30.0,S,2.777603181054726,0
180,0.0,third,male,36.0,S,0.0,0
181,0.0,third,female,28.0,S,4.5696911238312605,10
182,0.0,second,male,28.0,C,2.929247472656555,0
183,0.0,third,male,9.0,S,3.721026028519933,6
184,1.0,second,male,1.0,S,3.9633198132042438,3
185,1.0,third,female,4.0,S,3.3335640670893585,2
186,0.0,first,male,28.0,S,4.24460149271137,0
187,1.0,third,female,28.0,Q,2.9600298510183527,1
188,1.0,first,male,45.0,S,3.5366841629052153,0
189,0.0,third,male,40.0,Q,2.9600298510183527,2
190,0.0,third,male,36.0,S,2.2800430731121577,0
191,1.0,second,female,32.0,S,2.777603181054726,0
192,0.0,second,male,19.0,S,2.777603181054726,0
193,1.0,third,female,19.0,S,2.2749452586250603,1
194,1.0,second,male,3.0,S,3.513785040735813,2
195,1.0,first,female,44.0,C,3.5840008578674367,0
196,1.0,first,female,58.0,C,4.5696911238312605,0
197,0.0,third,male,28.0,Q,2.2620744220130624,0
198,0.0,third,male,42.0,S,2.340557335611971,1
199,1.0,third,female,28.0,Q,2.2620744220130624,0
200,0.0,second,female,24.0,S,2.777603181054726,0
201,0.0,third,male,28.0,S,2.4609505506652085,0
202,0.0,third,male,28.0,S,4.5696911238312605,10
203,0.0,third,male,34.0,S,2.0944060919178,0
204,0.0,third,male,45.5,C,2.194897059312226,0
205,1.0,third,male,18.0,S,2.298741416634416,0
206,0.0,third,female,2.0,S,2.5571174906961325,1
207,0.0,third,male,32.0,S,2.983418614506399,1
208,1.0,third,male,26.0,C,3.1631078593309896,0
209,1.0,third,female,16.0,Q,2.2620744220130624,0
210,1.0,first,male,40.0,C,3.707270386507969,0
211,0.0,third,male,24.0,S,2.1715854424073235,0
212,1.0,second,female,35.0,S,3.2822338191845852,0
213,0.0,third,male,22.0,S,2.1981882907468275,0
214,0.0,second,male,30.0,S,2.777603181054726,0
215,0.0,third,male,28.0,Q,2.2620744220130624,1
216,1.0,first,female,31.0,C,4.5696911238312605,1
217,1.0,third,female,27.0,S,2.2836076731051764,0
218,0.0,second,male,42.0,S,3.555095180137489,1
219,1.0,first,female,32.0,C,4.5696911238312605,0
220,0.0,second,male,30.0,S,2.5607050610158515,0
221,1.0,third,male,16.0,S,2.298741416634416,0
222,0.0,second,male,27.0,S,2.777603181054726,0
223,0.0,third,male,51.0,S,2.298741416634416,0
224,0.0,third,male,28.0,S,2.2800430731121577,0
225,1.0,first,male,38.0,S,4.5696911238312605,1
226,0.0,third,male,22.0,S,2.4452046099438935,0
227,1.0,second,male,19.0,S,2.5607050610158515,0
228,0.0,third,male,20.5,S,2.1981882907468275,0
229,0.0,second,male,18.0,S,2.777603181054726,0
230,0.0,third,female,28.0,S,3.4911488239960256,4
231,1.0,first,female,35.0,S,4.5696911238312605,1
232,0.0,third,male,29.0,S,2.2651758202163546,0
233,0.0,second,male,59.0,S,2.816468554900923,0
234,1.0,third,female,5.0,S,3.721026028519933,6
235,0.0,second,male,24.0,S,2.5607050610158515,0
236,0.0,third,female,28.0,S,2.2369519931547996,0
237,0.0,second,male,44.0,S,3.513785040735813,1
238,1.0,second,female,8.0,S,3.524248808557397,2
239,0.0,second,male,19.0,S,2.5607050610158515,0
240,0.0,second,male,33.0,S,2.7188093496957024,0
241,0.0,third,female,28.0,C,2.887189329279823,1
242,1.0,third,female,28.0,Q,2.9600298510183527,1
243,0.0,second,male,29.0,S,2.5607050610158515,0
244,0.0,third,male,22.0,S,2.1816352222251414,0
245,0.0,third,male,30.0,C,2.194897059312226,0
246,0.0,first,male,44.0,Q,4.5696911238312605,2
247,0.0,third,female,25.0,S,2.2651758202163546,0
248,1.0,second,female,24.0,S,2.890477249736815,2
249,1.0,first,male,37.0,S,4.301499390979261,2
250,0.0,second,male,54.0,S,3.513785040735813,1
251,0.0,third,male,28.0,S,2.1981882907468275,0
252,0.0,third,female,29.0,S,2.5571174906961325,2
253,0.0,first,male,62.0,S,3.5366841629052153,0
254,0.0,third,male,30.0,S,2.999840590640557,1
255,0.0,third,female,41.0,S,3.2412103080278363,2
256,1.0,third,female,29.0,C,2.942741925808172,2
257,1.0,first,female,28.0,C,4.5696911238312605,0
258,1.0,first,female,30.0,S,4.5696911238312605,0
259,1.0,first,female,35.0,C,4.5696911238312605,0
260,1.0,second,female,50.0,S,3.513785040735813,1
261,0.0,third,male,28.0,Q,2.2620744220130624,0
262,1.0,third,male,3.0,S,3.721026028519933,6
263,0.0,first,male,52.0,S,4.5696911238312605,2
264,0.0,first,male,40.0,S,0.0,0
265,0.0,third,female,28.0,Q,2.2620744220130624,0
266,0.0,second,male,36.0,S,2.5607050610158515,0
267,0.0,third,male,16.0,S,3.982964745615282,5
268,1.0,third,male,25.0,S,2.2651758202163546,1
269,1.0,first,female,58.0,S,4.5696911238312605,1
270,1.0,first,female,35.0,S,4.5696911238312605,0
271,0.0,first,male,28.0,S,3.707270386507969,0
272,1.0,third,male,25.0,S,0.0,0
273,1.0,second,female,41.0,S,3.202811757277666,1
274,0.0,first,male,37.0,C,3.6599229152578325,1
275,1.0,third,female,28.0,Q,2.2620744220130624,0
276,1.0,first,female,63.0,S,4.5696911238312605,1
277,0.0,third,female,45.0,S,2.2620744220130624,0
278,0.0,second,male,28.0,S,0.0,0
279,0.0,third,male,7.0,Q,3.638362694208615,5
280,1.0,third,female,35.0,S,3.243196767681371,2
281,0.0,third,male,65.0,Q,2.2620744220130624,0
282,0.0,third,male,28.0,S,2.2749452586250603,0
283,0.0,third,male,16.0,S,2.4609505506652085,0
284,1.0,third,male,19.0,S,2.298741416634416,0
285,0.0,first,male,28.0,S,3.513785040735813,0
286,0.0,third,male,33.0,C,2.3701073156699786,0
287,1.0,third,male,30.0,S,2.4609505506652085,0
288,0.0,third,male,22.0,S,2.2800430731121577,0
289,1.0,second,male,42.0,S,2.777603181054726,0
290,1.0,third,female,22.0,Q,2.2620744220130624,0
291,1.0,first,female,26.0,S,4.5696911238312605,0
292,1.0,first,female,19.0,C,4.5696911238312605,1
293,0.0,second,male,36.0,C,2.767678346479938,0
294,0.0,third,female,24.0,S,2.3910856100275844,0
295,0.0,third,male,24.0,S,2.2800430731121577,0
296,0.0,first,male,28.0,C,3.5840008578674367,0
297,0.0,third,male,23.5,C,2.1954506578746154,0
298,0.0,first,female,2.0,S,4.5696911238312605,3
299,1.0,first,male,28.0,S,3.689282557871479,0
300,1.0,first,female,50.0,C,4.5696911238312605,1
301,1.0,third,female,28.0,Q,2.2620744220130624,0
302,1.0,third,male,28.0,Q,3.3921027583016867,2
303,0.0,third,male,19.0,S,0.0,0
304,1.0,second,female,28.0,Q,2.725032810698306,0
305,0.0,third,male,28.0,S,2.298741416634416,0
306,1.0,first,male,0.92,S,4.5696911238312605,3
307,1.0,first,female,28.0,C,4.5696911238312605,0
308,1.0,first,female,17.0,C,4.5696911238312605,1
309,0.0,second,male,30.0,C,3.426554954838462,1
310,1.0,first,female,30.0,C,4.393153331530308,0
311,1.0,first,female,24.0,C,4.5696911238312605,0
312,1.0,first,female,18.0,C,4.5696911238312605,4
313,0.0,second,female,26.0,S,3.513785040735813,2
314,0.0,third,male,28.0,S,2.2800430731121577,0
315,0.0,second,male,43.0,S,3.524248808557397,2
316,1.0,third,female,26.0,S,2.2749452586250603,0
317,1.0,second,female,24.0,S,3.513785040735813,1
318,0.0,second,male,54.0,S,2.8540660389277113,0
319,1.0,first,female,31.0,S,4.5696911238312605,2
320,1.0,first,female,40.0,C,4.5696911238312605,2
321,0.0,third,male,22.0,S,2.1981882907468275,0
322,0.0,third,male,27.0,S,2.2800430731121577,0
323,1.0,second,female,30.0,Q,2.725032810698306,0
324,1.0,second,female,22.0,S,3.633623358212787,2
325,0.0,third,male,28.0,S,4.5696911238312605,10
326,1.0,first,female,36.0,C,4.5696911238312605,0
327,0.0,third,male,61.0,S,2.0565405654619724,0
328,1.0,second,female,36.0,S,2.777603181054726,0
329,1.0,third,female,31.0,S,3.2576619762286407,2
330,1.0,first,female,16.0,C,4.414158247883995,1
331,1.0,third,female,28.0,Q,3.3921027583016867,2
332,0.0,first,male,45.5,S,3.6144741787941834,0
333,0.0,first,male,38.0,S,4.5696911238312605,1
334,0.0,third,male,16.0,S,3.1175925678666054,2
335,1.0,first,female,28.0,S,4.5696911238312605,1
336,0.0,third,male,28.0,S,2.2800430731121577,0
337,0.0,first,male,29.0,S,4.5696911238312605,1
338,1.0,first,female,41.0,C,4.5696911238312605,0
339,1.0,third,male,45.0,S,2.298741416634416,0
340,0.0,first,male,45.0,S,3.857983801189261,0
341,1.0,second,male,2.0,S,3.513785040735813,2
342,1.0,first,female,24.0,S,4.5696911238312605,5
343,0.0,second,male,28.0,S,2.777603181054726,0
344,0.0,second,male,25.0,S,2.777603181054726,0
345,0.0,second,male,36.0,S,2.777603181054726,0
346,1.0,second,female,24.0,S,2.777603181054726,0
347,1.0,second,female,40.0,S,2.777603181054726,0
348,1.0,third,female,28.0,S,2.999840590640557,1
349,1.0,third,male,3.0,S,2.9867216682810525,2
350,0.0,third,male,42.0,S,2.3701073156699786,0
351,0.0,third,male,23.0,S,2.431914461374176,0
352,0.0,first,male,28.0,S,3.842148515220089,0
353,0.0,third,male,15.0,C,2.1954506578746154,2
354,0.0,third,male,25.0,S,3.105744333609867,1
355,0.0,third,male,28.0,C,2.194897059312226,0
356,0.0,third,male,28.0,S,2.4609505506652085,0
357,1.0,first,female,22.0,S,4.3535878320536785,1
358,0.0,second,female,38.0,S,2.777603181054726,0
359,1.0,third,female,28.0,Q,2.2780116031497357,0
360,1.0,third,female,28.0,Q,2.2780116031497357,0
361,0.0,third,male,40.0,S,3.5910788749873976,5
362,0.0,second,male,29.0,C,3.5840008578674367,1
363,0.0,third,female,45.0,C,2.887189329279823,1
364,0.0,third,male,35.0,S,2.1715854424073235,0
365,0.0,third,male,28.0,Q,2.9600298510183527,1
366,0.0,third,male,30.0,S,2.1981882907468275,0
367,1.0,first,female,60.0,C,4.5696911238312605,1
368,1.0,third,female,28.0,C,2.1954506578746154,0
369,1.0,third,female,28.0,Q,2.2620744220130624,0
370,1.0,first,female,24.0,C,4.5696911238312605,0
371,1.0,first,male,25.0,C,4.362760970177156,1
372,0.0,third,male,18.0,S,2.0944060919178,1
373,0.0,third,male,19.0,S,2.298741416634416,0
374,0.0,first,male,22.0,C,4.5696911238312605,0
375,0.0,third,female,3.0,S,3.286066879684541,4
376,1.0,first,female,28.0,C,4.5696911238312605,1
377,1.0,third,female,22.0,S,2.1981882907468275,0
378,0.0,first,male,27.0,C,4.5696911238312605,2
379,0.0,third,male,20.0,C,1.6629377238712997,0
380,0.0,third,male,19.0,S,2.2651758202163546,0
381,1.0,first,female,42.0,C,4.5696911238312605,0
382,1.0,third,female,1.0,C,2.976231765834233,2
383,0.0,third,male,32.0,S,2.2836076731051764,0
384,1.0,first,female,35.0,S,4.289378979298662,1
385,0.0,third,male,28.0,S,2.2800430731121577,0
386,0.0,second,male,18.0,S,4.5696911238312605,0
387,0.0,third,male,1.0,S,4.171744290884533,7
388,1.0,second,female,36.0,S,2.777603181054726,0
389,0.0,third,male,28.0,Q,2.2594875583004086,0
390,1.0,second,female,17.0,C,2.695697048339979,0
391,1.0,first,male,36.0,S,4.5696911238312605,3
392,1.0,third,male,21.0,S,2.26774971533858,0
393,0.0,third,male,28.0,S,2.2836076731051764,2
394,1.0,first,female,23.0,C,4.5696911238312605,1
395,1.0,third,female,24.0,S,3.0383301841784434,2
396,0.0,third,male,22.0,S,2.26774971533858,0
397,0.0,third,female,31.0,S,2.2749452586250603,0
398,0.0,second,male,46.0,S,3.513785040735813,0
399,0.0,second,male,23.0,S,2.5607050610158515,0
400,1.0,second,female,28.0,S,2.7495950041317436,0
401,1.0,third,male,39.0,S,2.2836076731051764,0
402,0.0,third,male,26.0,S,2.298741416634416,0
403,0.0,third,female,21.0,S,2.4943376391827377,1
404,0.0,third,male,28.0,S,2.983418614506399,1
405,0.0,third,female,20.0,S,2.3701073156699786,0
406,0.0,second,male,34.0,S,3.2822338191845852,1
407,0.0,third,male,51.0,S,2.2620744220130624,0
408,1.0,second,male,3.0,S,3.16098028731346,2
409,0.0,third,male,21.0,S,2.2651758202163546,0
410,0.0,third,female,28.0,S,3.4911488239960256,4
411,0.0,third,male,28.0,S,2.2800430731121577,0
412,0.0,third,male,28.0,Q,2.1454832392549057,0
413,1.0,first,female,33.0,Q,4.5696911238312605,1
414,0.0,second,male,28.0,S,0.0,0
415,1.0,third,male,44.0,S,2.2836076731051764,0
416,0.0,third,female,28.0,S,2.298741416634416,0
417,1.0,second,female,34.0,S,3.7596561668135062,2
418,1.0,second,female,18.0,S,2.777603181054726,2
419,0.0,second,male,30.0,S,2.777603181054726,0
420,0.0,third,female,10.0,S,3.433325976064744,2
421,0.0,third,male,28.0,C,2.2800430731121577,0
422,0.0,third,male,21.0,Q,2.259997937603898,0
423,0.0,third,male,29.0,S,2.277497037910023,0
424,0.0,third,female,28.0,S,2.8832862579172955,2
425,0.0,third,male,18.0,S,3.2412103080278363,2
426,0.0,third,male,28.0,S,2.1981882907468275,0
427,1.0,second,female,28.0,S,3.513785040735813,1
428,1.0,second,female,19.0,S,3.513785040735813,0
429,0.0,third,male,28.0,Q,2.2620744220130624,0
430,1.0,third,male,32.0,S,2.298741416634416,0
431,1.0,first,male,28.0,S,3.5366841629052153,0
432,1.0,third,female,28.0,S,2.999840590640557,1
433,1.0,second,female,42.0,S,3.513785040735813,1
434,0.0,third,male,17.0,S,2.1816352222251414,0
435,0.0,first,male,50.0,S,4.372206173860061,1
436,1.0,first,female,14.0,S,4.5696911238312605,3
437,0.0,third,female,21.0,S,3.8220543195361,4
438,1.0,second,female,24.0,S,3.16098028731346,5
439,0.0,first,male,64.0,S,4.5696911238312605,5
440,0.0,second,male,31.0,S,2.5607050610158515,0
441,1.0,second,female,45.0,S,3.524248808557397,2
442,0.0,third,male,20.0,S,2.4609505506652085,0
443,0.0,third,male,25.0,S,2.2651758202163546,1
444,1.0,second,female,28.0,S,2.777603181054726,0
445,1.0,third,male,28.0,S,2.306233074745864,0
446,1.0,first,male,4.0,S,4.5696911238312605,2
447,1.0,second,female,13.0,S,3.202811757277666,1
448,1.0,first,male,34.0,S,3.5366841629052153,0
449,1.0,third,female,5.0,C,3.1894938712257237,3
450,1.0,first,male,52.0,S,3.689282557871479,0
451,0.0,second,male,36.0,S,3.585157086399766,3
452,0.0,third,male,28.0,S,3.2281055102275005,1
453,0.0,first,male,30.0,C,3.585157086399766,0
454,1.0,first,male,49.0,C,4.5696911238312605,1
455,0.0,third,male,28.0,S,2.298741416634416,0
456,1.0,third,male,29.0,C,2.2800430731121577,0
457,0.0,first,male,65.0,S,3.5366841629052153,0
458,1.0,first,female,28.0,S,4.286352973503965,1
459,1.0,second,female,50.0,S,2.5607050610158515,0
460,0.0,third,male,28.0,Q,2.2620744220130624,0
461,1.0,first,male,48.0,S,3.5366841629052153,0
462,0.0,third,male,34.0,S,2.298741416634416,0
463,0.0,first,male,47.0,S,3.948827594903992,0
464,0.0,second,male,48.0,S,2.777603181054726,0
465,0.0,third,male,28.0,S,2.298741416634416,0
466,0.0,third,male,38.0,S,2.1715854424073235,0
467,0.0,second,male,28.0,S,0.0,0
468,0.0,first,male,56.0,S,3.5366841629052153,0
469,0.0,third,male,28.0,Q,2.2589644916624025,0
470,1.0,third,female,0.75,C,3.1894938712257237,3
471,0.0,third,male,28.0,S,2.1981882907468275,0
472,0.0,third,male,38.0,S,2.3701073156699786,0
473,1.0,second,female,33.0,S,3.585157086399766,3
474,1.0,second,female,23.0,C,2.838551583287251,0
475,0.0,third,female,22.0,S,2.495602422758623,0
476,0.0,first,male,28.0,S,4.289378979298662,0
477,0.0,second,male,34.0,S,3.2822338191845852,1
478,0.0,third,male,29.0,S,2.17101999606031,1
479,0.0,third,male,22.0,S,2.233236930493999,0
480,1.0,third,female,2.0,S,2.7198489372990315,1
481,0.0,third,male,9.0,S,4.171744290884533,7
482,0.0,second,male,28.0,S,0.0,0
483,0.0,third,male,50.0,S,2.298741416634416,0
484,1.0,third,female,63.0,S,2.47003609177003,0
485,1.0,first,male,25.0,C,4.5696911238312605,1
486,0.0,third,female,28.0,S,3.4911488239960256,4
487,1.0,first,female,35.0,S,4.5696911238312605,1
488,0.0,first,male,58.0,C,3.6599229152578325,0
489,0.0,third,male,30.0,S,2.298741416634416,0
490,1.0,third,male,9.0,S,2.9867216682810525,2
491,0.0,third,male,28.0,S,3.2281055102275005,1
492,0.0,third,male,21.0,S,2.1981882907468275,0
493,0.0,first,male,55.0,S,3.689282557871479,0
494,0.0,first,male,71.0,C,4.233240070724257,0
495,0.0,third,male,21.0,S,2.298741416634416,0
496,0.0,third,male,28.0,C,2.8874840443391774,0
497,1.0,first,female,54.0,C,4.5696911238312605,1
498,0.0,third,male,28.0,S,2.9327084394228686,0
499,0.0,first,female,25.0,S,4.5696911238312605,3
500,0.0,third,male,24.0,S,2.26774971533858,0
501,0.0,third,male,17.0,S,2.3701073156699786,0
502,0.0,third,female,21.0,Q,2.2620744220130624,0
503,0.0,third,female,28.0,Q,2.2469673774744767,0
504,0.0,third,female,37.0,S,2.47003609177003,0
505,1.0,first,female,16.0,S,4.5696911238312605,0
506,0.0,first,male,18.0,C,4.5696911238312605,1
507,1.0,second,female,33.0,S,3.513785040735813,2
508,1.0,first,male,28.0,S,3.5366841629052153,0
509,0.0,third,male,28.0,S,3.3578108852272854,0
510,1.0,third,male,26.0,S,4.384376372619725,0
511,1.0,third,male,29.0,Q,2.2620744220130624,0
512,0.0,third,male,28.0,S,2.298741416634416,0
513,1.0,first,male,36.0,S,3.5258104067576883,0
514,1.0,first,female,54.0,C,4.44201556164576,1
515,0.0,third,male,24.0,S,2.2300464861333555,0
516,0.0,first,male,47.0,S,3.8105144514770175,0
517,1.0,second,female,34.0,S,2.5607050610158515,0
518,0.0,third,male,28.0,Q,3.433325976064744,0
519,1.0,second,female,36.0,S,3.513785040735813,1
520,0.0,third,male,32.0,S,2.2800430731121577,0
521,1.0,first,female,30.0,S,4.5696911238312605,0
522,0.0,third,male,22.0,S,2.2800430731121577,0
523,0.0,third,male,28.0,C,2.194897059312226,0
524,1.0,first,female,44.0,C,4.414158247883995,1
525,0.0,third,male,28.0,C,2.1954506578746154,0
526,0.0,third,male,40.5,Q,2.2620744220130624,0
527,1.0,second,female,50.0,S,2.5607050610158515,0
528,0.0,first,male,28.0,S,4.5696911238312605,0
529,0.0,third,male,39.0,S,2.2836076731051764,0
530,0.0,second,male,23.0,S,2.6524436113448986,3
531,1.0,second,female,2.0,S,3.513785040735813,2
532,0.0,third,male,28.0,C,2.1954506578746154,0
533,0.0,third,male,17.0,C,2.1954506578746154,2
534,1.0,third,female,28.0,C,3.3497825226455333,2
535,0.0,third,female,30.0,S,2.3701073156699786,0
536,1.0,second,female,7.0,S,3.524248808557397,2
537,0.0,first,male,45.0,S,3.5366841629052153,0
538,1.0,first,female,30.0,C,4.5696911238312605,0
539,0.0,third,male,28.0,S,2.890477249736815,0
540,1.0,first,female,22.0,C,4.233143368977421,2
541,1.0,first,female,36.0,S,4.5696911238312605,2
542,0.0,third,female,9.0,S,3.717048828884125,6
543,0.0,third,female,11.0,S,3.717048828884125,6
544,1.0,second,male,32.0,S,3.513785040735813,1
545,0.0,first,male,50.0,C,4.5696911238312605,1
546,0.0,first,male,64.0,S,3.513785040735813,0
547,1.0,second,female,19.0,S,3.513785040735813,1
548,1.0,second,male,28.0,C,2.8438482964631406,0
549,0.0,third,male,33.0,S,3.2576619762286407,2
550,1.0,second,male,8.0,S,3.896677296966609,2
551,1.0,first,male,17.0,C,4.5696911238312605,2
552,0.0,second,male,27.0,S,3.513785040735813,0
553,0.0,third,male,28.0,Q,2.2718705777982353,0
554,1.0,third,male,22.0,C,2.194897059312226,0
555,1.0,third,female,22.0,S,2.2651758202163546,0
556,0.0,first,male,62.0,S,3.5366841629052153,0
557,1.0,first,female,48.0,C,3.9804822851211554,1
558,0.0,first,male,28.0,C,4.5696911238312605,0
559,1.0,first,female,39.0,S,4.5696911238312605,2
560,1.0,third,female,36.0,S,3.0816798105505474,1
561,0.0,third,male,28.0,Q,2.2620744220130624,0
562,0.0,third,male,40.0,S,2.2800430731121577,0
563,0.0,second,male,28.0,S,2.816468554900923,0
564,0.0,third,male,28.0,S,2.298741416634416,0
565,0.0,third,female,28.0,S,2.298741416634416,0
566,0.0,third,male,24.0,S,3.433325976064744,2
567,0.0,third,male,19.0,S,2.2800430731121577,0
568,0.0,third,female,29.0,S,3.286066879684541,4
569,0.0,third,male,28.0,C,2.1954506578746154,0
570,1.0,third,male,32.0,S,2.2749452586250603,0
571,1.0,second,male,62.0,S,2.5607050610158515,0
572,1.0,first,female,53.0,S,4.2778774424213815,2
573,1.0,first,male,36.0,S,3.52996460203375,0
574,1.0,third,female,28.0,Q,2.2620744220130624,0
575,0.0,third,male,16.0,S,2.298741416634416,0
576,0.0,third,male,19.0,S,2.890477249736815,0
577,1.0,second,female,34.0,S,2.777603181054726,0
578,1.0,first,female,39.0,S,4.372206173860061,1
579,0.0,third,female,28.0,C,2.8874840443391774,1
580,1.0,third,male,32.0,S,2.2836076731051764,0
581,1.0,second,female,25.0,S,3.671018063640935,2
582,1.0,first,female,39.0,C,4.5696911238312605,2
583,0.0,second,male,54.0,S,3.513785040735813,0
584,0.0,first,male,36.0,C,3.9953005565676474,0
585,0.0,third,male,28.0,C,2.375739544909667,0
586,1.0,first,female,18.0,S,4.5696911238312605,2
587,0.0,second,male,47.0,S,2.9257761230697703,0
588,1.0,first,male,60.0,C,4.5696911238312605,2
589,0.0,third,male,22.0,S,2.298741416634416,0
590,0.0,third,male,28.0,S,2.298741416634416,0
591,0.0,third,male,35.0,S,2.1816352222251414,0
592,1.0,first,female,52.0,C,4.5696911238312605,1
593,0.0,third,male,47.0,S,2.1981882907468275,0
594,0.0,third,female,28.0,Q,2.2620744220130624,2
595,0.0,second,male,37.0,S,3.513785040735813,1
596,0.0,third,male,36.0,S,3.433325976064744,2
597,1.0,second,female,28.0,S,3.7766178065803646,0
598,0.0,third,male,49.0,S,0.0,0
599,0.0,third,male,28.0,C,2.194897059312226,0
600,1.0,first,male,49.0,C,4.393153331530308,1
601,1.0,second,female,24.0,S,3.555095180137489,3
602,0.0,third,male,28.0,S,2.2800430731121577,0
603,0.0,first,male,28.0,S,4.057479772633628,0
604,0.0,third,male,44.0,S,2.298741416634416,0
605,1.0,first,male,35.0,C,3.5366841629052153,0
606,0.0,third,male,36.0,S,2.963400146472124,1
607,0.0,third,male,30.0,S,2.2800430731121577,0
608,1.0,first,male,27.0,S,3.689282557871479,0
609,1.0,second,female,22.0,C,4.035415412562265,3
610,1.0,first,female,40.0,S,4.5696911238312605,0
611,0.0,third,female,39.0,S,3.717048828884125,6
612,0.0,third,male,28.0,S,2.1715854424073235,0
613,1.0,third,female,28.0,Q,2.9600298510183527,1
614,0.0,third,male,28.0,Q,2.2620744220130624,0
615,0.0,third,male,35.0,S,2.298741416634416,0
616,1.0,second,female,24.0,S,4.546002564545169,3
617,0.0,third,male,34.0,S,2.8832862579172955,2
618,0.0,third,female,26.0,S,2.999840590640557,1
619,1.0,second,female,4.0,S,3.9633198132042438,3
620,0.0,second,male,26.0,S,2.5607050610158515,0
621,0.0,third,male,27.0,C,2.887189329279823,1
622,1.0,first,male,42.0,S,4.301499390979261,1
623,1.0,third,male,20.0,C,2.976231765834233,2
624,0.0,third,male,21.0,S,2.2749452586250603,0
625,0.0,third,male,21.0,S,2.999840590640557,0
626,0.0,first,male,61.0,S,3.7535178041009702,0
627,0.0,second,male,57.0,Q,2.725032810698306,0
628,1.0,first,female,21.0,S,4.5696911238312605,0
629,0.0,third,male,26.0,S,2.2800430731121577,0
630,0.0,third,male,28.0,Q,2.259997937603898,0
631,1.0,first,male,80.0,S,3.671018063640935,0
632,0.0,third,male,51.0,S,2.1721506051537043,0
633,1.0,first,male,32.0,C,3.689282557871479,0
634,0.0,first,male,28.0,S,0.0,0
635,0.0,third,female,9.0,S,3.5910788749873976,5
636,1.0,second,female,28.0,S,2.777603181054726,0
637,0.0,third,male,32.0,S,2.2836076731051764,0
638,0.0,second,male,31.0,S,3.524248808557397,2
639,0.0,third,female,41.0,S,3.982964745615282,5
640,0.0,third,male,28.0,S,2.999840590640557,1
641,0.0,third,male,20.0,S,2.2749452586250603,0
642,1.0,first,female,24.0,C,4.5696911238312605,0
643,0.0,third,female,2.0,S,3.5910788749873976,5
644,1.0,third,male,28.0,S,4.384376372619725,0
645,1.0,third,female,0.75,C,3.1894938712257237,3
646,1.0,first,male,48.0,C,4.5696911238312605,1
647,0.0,third,male,19.0,S,2.2800430731121577,0
648,1.0,first,male,56.0,C,3.857983801189261,0
649,0.0,third,male,28.0,S,2.2369519931547996,0
650,1.0,third,female,23.0,S,2.2369519931547996,0
651,0.0,third,male,28.0,S,2.2800430731121577,0
652,1.0,second,female,18.0,S,3.380390678554293,1
653,0.0,third,male,21.0,S,2.343925174867996,0
654,1.0,third,female,28.0,Q,2.2718705777982353,0
655,0.0,third,female,18.0,Q,2.1304649486697054,0
656,0.0,second,male,24.0,S,4.5696911238312605,2
657,0.0,third,male,28.0,S,2.2800430731121577,0
658,0.0,third,female,32.0,Q,2.9600298510183527,2
659,0.0,second,male,23.0,S,2.777603181054726,0
660,0.0,first,male,58.0,C,4.5696911238312605,2
661,1.0,first,male,50.0,S,4.5696911238312605,2
662,0.0,third,male,40.0,C,2.194897059312226,0
663,0.0,first,male,47.0,S,3.4963144218562143,0
664,0.0,third,male,36.0,S,2.2300464861333555,0
665,1.0,third,male,20.0,S,2.2836076731051764,1
666,0.0,second,male,32.0,S,4.5696911238312605,2
667,0.0,second,male,25.0,S,2.777603181054726,0
668,0.0,third,male,28.0,S,2.2651758202163546,0
669,0.0,third,male,43.0,S,2.298741416634416,0
670,1.0,first,female,28.0,S,4.289378979298662,1
671,1.0,second,female,40.0,S,3.9633198132042438,2
672,0.0,first,male,31.0,S,4.289378979298662,1
673,0.0,second,male,70.0,S,2.5607050610158515,0
674,1.0,second,male,31.0,S,2.777603181054726,0
675,0.0,second,male,28.0,S,0.0,0
676,0.0,third,male,18.0,S,2.2651758202163546,0
677,0.0,third,male,24.5,S,2.298741416634416,0
678,1.0,third,female,18.0,S,2.496027075221191,0
679,0.0,third,female,43.0,S,4.171744290884533,7
680,1.0,first,male,36.0,C,4.5696911238312605,1
681,0.0,third,female,28.0,Q,2.3092159122589515,0
682,1.0,first,male,27.0,C,4.5696911238312605,0
683,0.0,third,male,20.0,S,2.431914461374176,0
684,0.0,third,male,14.0,S,4.171744290884533,7
685,0.0,second,male,60.0,S,3.9633198132042438,2
686,0.0,second,male,25.0,C,4.035415412562265,3
687,0.0,third,male,14.0,S,3.982964745615282,5
688,0.0,third,male,19.0,S,2.5288193404458617,0
689,0.0,third,male,18.0,S,2.26774971533858,0
690,1.0,first,female,15.0,S,4.5696911238312605,1
691,1.0,first,male,31.0,S,4.394581128227361,1
692,1.0,third,female,4.0,C,2.8100839286851986,1
693,1.0,third,male,28.0,S,4.384376372619725,0
694,0.0,third,male,25.0,C,2.194897059312226,0
695,0.0,first,male,60.0,S,3.5366841629052153,0
696,0.0,second,male,52.0,S,2.816468554900923,0
697,0.0,third,male,44.0,S,2.298741416634416,0
698,1.0,third,female,28.0,Q,2.259997937603898,0
699,0.0,first,male,49.0,C,4.5696911238312605,2
700,0.0,third,male,42.0,S,2.249583025464899,0
701,1.0,first,female,18.0,C,4.5696911238312605,1
702,1.0,first,male,35.0,S,3.5258104067576883,0
703,0.0,third,female,18.0,C,2.887189329279823,1
704,0.0,third,male,25.0,Q,2.2610428736053314,0
705,0.0,third,male,26.0,S,2.2749452586250603,1
706,0.0,second,male,39.0,S,3.513785040735813,0
707,1.0,second,female,45.0,S,2.816468554900923,0
708,1.0,first,male,42.0,S,3.5258104067576883,0
709,1.0,first,female,22.0,S,4.5696911238312605,0
710,1.0,third,male,28.0,C,2.942741925808172,2
711,1.0,first,female,24.0,C,4.233240070724257,0
712,0.0,first,male,28.0,S,3.5366841629052153,0
713,1.0,first,male,48.0,S,4.289378979298662,1
714,0.0,third,male,29.0,S,2.459208240233557,0
715,0.0,second,male,52.0,S,2.777603181054726,0
716,0.0,third,male,19.0,S,2.249583025464899,0
717,1.0,first,female,38.0,C,4.5696911238312605,0
718,1.0,second,female,27.0,S,2.5607050610158515,0
719,0.0,third,male,28.0,Q,2.9600298510183527,0
720,0.0,third,male,33.0,S,2.2651758202163546,0
721,1.0,second,female,6.0,S,3.7766178065803646,1
722,0.0,third,male,17.0,S,2.1721506051537043,1
723,0.0,second,male,34.0,S,2.777603181054726,0
724,0.0,second,male,50.0,S,2.777603181054726,0
725,1.0,first,male,27.0,S,4.313318787437226,1
726,0.0,third,male,20.0,S,2.3701073156699786,0
727,1.0,second,female,30.0,S,3.2822338191845852,3
728,1.0,third,female,28.0,Q,2.260520526347931,0
729,0.0,second,male,25.0,S,3.513785040735813,1
730,0.0,third,female,25.0,S,2.2836076731051764,1
731,1.0,first,female,29.0,S,4.5696911238312605,0
732,0.0,third,male,11.0,C,3.1631078593309896,0
733,0.0,second,male,28.0,S,0.0,0
734,0.0,second,male,23.0,S,2.777603181054726,0
735,0.0,second,male,23.0,S,2.777603181054726,0
736,0.0,third,male,28.5,S,2.999840590640557,0
737,0.0,third,female,48.0,S,3.8220543195361,4
738,1.0,first,male,35.0,C,4.5696911238312605,0
739,0.0,third,male,28.0,S,2.2800430731121577,0
740,0.0,third,male,28.0,S,2.2800430731121577,0
741,1.0,first,male,28.0,S,3.671018063640935,0
742,0.0,first,male,36.0,S,4.5696911238312605,1
743,1.0,first,female,21.0,C,4.5696911238312605,4
744,0.0,third,male,24.0,S,2.999840590640557,1
745,1.0,third,male,31.0,S,2.2836076731051764,0
746,0.0,first,male,70.0,S,4.5696911238312605,2
747,0.0,third,male,16.0,S,3.243196767681371,2
748,1.0,second,female,30.0,S,2.777603181054726,0
749,0.0,first,male,19.0,S,4.313318787437226,1
750,0.0,third,male,31.0,Q,2.2620744220130624,0
751,1.0,second,female,4.0,S,3.380390678554293,2
752,1.0,third,male,6.0,S,2.735330919128178,1
753,0.0,third,male,33.0,S,2.4609505506652085,0
754,0.0,third,male,23.0,S,2.2800430731121577,0
755,1.0,second,female,48.0,S,4.546002564545169,3
756,1.0,second,male,0.67,S,2.890477249736815,2
757,0.0,third,male,28.0,S,2.26774971533858,0
758,0.0,second,male,18.0,S,2.6524436113448986,0
759,0.0,third,male,34.0,S,2.298741416634416,0
760,1.0,first,female,33.0,S,4.5696911238312605,0
761,0.0,third,male,28.0,S,2.890477249736815,0
762,0.0,third,male,41.0,S,2.1816352222251414,0
763,1.0,third,male,20.0,C,2.1954506578746154,0
764,1.0,first,female,36.0,S,4.5696911238312605,3
765,0.0,third,male,16.0,S,2.2651758202163546,0
766,1.0,first,female,51.0,S,4.5696911238312605,1
767,0.0,first,male,28.0,C,3.9804822851211554,0
768,0.0,third,female,30.5,Q,2.2620744220130624,0
769,0.0,third,male,28.0,Q,3.433325976064744,1
770,0.0,third,male,32.0,S,2.3357137470895064,0
771,0.0,third,male,24.0,S,2.4609505506652085,0
772,0.0,third,male,48.0,S,2.2749452586250603,0
773,0.0,second,female,57.0,S,2.5607050610158515,0
774,0.0,third,male,28.0,C,2.194897059312226,0
775,1.0,second,female,54.0,S,3.380390678554293,4
776,0.0,third,male,18.0,S,2.2620744220130624,0
777,0.0,third,male,28.0,Q,2.2620744220130624,0
778,1.0,third,female,5.0,S,2.735330919128178,0
779,0.0,third,male,28.0,Q,2.260520526347931,0
780,1.0,first,female,43.0,S,4.5696911238312605,1
781,1.0,third,female,13.0,C,2.1954506578746154,0
782,1.0,first,female,17.0,S,4.394581128227361,1
783,0.0,first,male,29.0,S,3.671018063640935,0
784,0.0,third,male,28.0,S,3.401389129161142,3
785,0.0,third,male,25.0,S,2.1715854424073235,0
786,0.0,third,male,25.0,S,2.1981882907468275,0
787,1.0,third,female,18.0,S,2.2300464861333555,0
788,0.0,third,male,8.0,Q,3.638362694208615,5
789,1.0,third,male,1.0,S,3.260272909051386,3
790,0.0,first,male,46.0,C,4.5696911238312605,0
791,0.0,third,male,28.0,Q,2.2620744220130624,0
792,0.0,second,male,16.0,S,3.513785040735813,0
793,0.0,third,female,28.0,S,4.5696911238312605,10
794,0.0,first,male,28.0,C,3.696359075442676,0
795,0.0,third,male,25.0,S,2.2800430731121577,0
796,0.0,second,male,39.0,S,2.777603181054726,0
797,1.0,first,female,49.0,S,3.510804772165477,0
798,1.0,third,female,31.0,S,2.372453719362293,0
799,0.0,third,male,30.0,C,2.1954506578746154,0
800,0.0,third,female,30.0,S,3.433325976064744,2
801,0.0,second,male,34.0,S,2.777603181054726,0
802,1.0,second,female,31.0,S,3.524248808557397,2
803,1.0,first,male,11.0,S,4.5696911238312605,3
804,1.0,third,male,0.42,C,2.3535222792673127,1
805,1.0,third,male,27.0,S,2.1614452249264473,0
806,0.0,third,male,31.0,S,2.2651758202163546,0
807,0.0,first,male,39.0,S,0.0,0
808,0.0,third,female,18.0,S,2.2651758202163546,0
809,0.0,second,male,39.0,S,2.777603181054726,0
810,1.0,first,female,33.0,S,4.313318787437226,1
811,0.0,third,male,26.0,S,2.279027794189117,0
812,0.0,third,male,39.0,S,3.433325976064744,0
813,0.0,second,male,35.0,S,2.5607050610158515,0
814,0.0,third,female,6.0,S,3.717048828884125,6
815,0.0,third,male,30.5,S,2.298741416634416,0
816,0.0,first,male,28.0,S,0.0,0
817,0.0,third,female,23.0,S,2.2836076731051764,0
818,0.0,second,male,31.0,C,3.9043950522450337,2
819,0.0,third,male,43.0,S,2.0877844699112544,0
820,0.0,third,male,10.0,S,3.5910788749873976,5
821,1.0,first,female,52.0,S,4.5696911238312605,2
822,1.0,third,male,27.0,S,2.3701073156699786,0
823,0.0,first,male,38.0,S,0.0,0
824,1.0,third,female,27.0,S,2.735330919128178,1
825,0.0,third,male,2.0,S,3.982964745615282,5
826,0.0,third,male,28.0,Q,2.1580447668534304,0
827,0.0,third,male,28.0,S,4.384376372619725,0
828,1.0,second,male,1.0,C,3.9043950522450337,2
829,1.0,third,male,28.0,Q,2.2620744220130624,0
830,1.0,first,female,62.0,S,4.5696911238312605,0
831,1.0,third,female,15.0,C,2.887189329279823,1
832,1.0,second,male,0.83,S,3.16098028731346,2
833,0.0,third,male,28.0,C,2.1954506578746154,0
834,0.0,third,male,23.0,S,2.2749452586250603,0
835,0.0,third,male,18.0,S,2.3284151872521788,0
836,1.0,first,female,39.0,C,4.5696911238312605,2
837,0.0,third,male,21.0,S,2.3701073156699786,0
838,0.0,third,male,28.0,S,2.298741416634416,0
839,1.0,third,male,32.0,S,4.384376372619725,0
840,1.0,first,male,28.0,C,3.6599229152578325,0
841,0.0,third,male,20.0,S,2.2836076731051764,0
842,0.0,second,male,16.0,S,2.5607050610158515,0
843,1.0,first,female,30.0,C,3.707270386507969,0
844,0.0,third,male,34.5,C,2.0859704591474295,0
845,0.0,third,male,17.0,S,2.3701073156699786,0
846,0.0,third,male,42.0,S,2.2369519931547996,0
847,0.0,third,male,28.0,S,4.5696911238312605,10
848,0.0,third,male,35.0,C,2.2800430731121577,0
849,0.0,second,male,28.0,S,3.7766178065803646,1
850,1.0,first,female,28.0,C,4.5696911238312605,1
851,0.0,third,male,4.0,S,3.717048828884125,6
852,0.0,third,male,74.0,S,2.2651758202163546,0
853,0.0,third,female,9.0,C,2.942741925808172,2
854,1.0,first,female,16.0,S,3.9747887167018567,1
855,0.0,second,female,44.0,S,3.513785040735813,1
856,1.0,third,female,18.0,S,2.4452046099438935,1
857,1.0,first,female,45.0,S,4.5696911238312605,2
858,1.0,first,male,51.0,S,3.5366841629052153,0
859,1.0,third,female,24.0,C,3.1894938712257237,3
860,0.0,third,male,28.0,C,2.1954506578746154,0
861,0.0,third,male,41.0,S,2.8620506984170064,2
862,0.0,second,male,21.0,S,2.6524436113448986,1
863,1.0,first,female,48.0,S,3.510804772165477,0
864,0.0,third,female,28.0,S,4.5696911238312605,10
865,0.0,second,male,24.0,S,2.777603181054726,0
866,1.0,second,female,42.0,S,2.777603181054726,0
867,1.0,second,female,27.0,C,2.843534762282983,1
868,0.0,first,male,31.0,S,4.255857203220619,0
869,0.0,third,male,28.0,S,2.4609505506652085,0
870,1.0,third,male,4.0,S,2.6196507413709242,2
871,0.0,third,male,26.0,S,2.2800430731121577,0
872,1.0,first,female,47.0,S,4.301499390979261,2
873,0.0,first,male,33.0,S,1.8549237498483675,0
874,0.0,third,male,47.0,S,2.4075935973283236,0
875,1.0,second,female,28.0,C,3.426554954838462,1
876,1.0,third,female,15.0,C,2.194897059312226,0
877,0.0,third,male,20.0,S,2.4964414643609274,0
878,0.0,third,male,19.0,S,2.2800430731121577,0
879,0.0,third,male,28.0,S,2.2800430731121577,0
880,1.0,first,female,56.0,C,4.5696911238312605,1
881,1.0,second,female,25.0,S,3.513785040735813,1
882,0.0,third,male,33.0,S,2.2800430731121577,0
883,0.0,third,female,22.0,S,2.5622991068900487,0
884,0.0,second,male,28.0,S,2.5607050610158515,0
885,0.0,third,male,25.0,S,2.1715854424073235,0
886,0.0,third,female,39.0,Q,3.638362694208615,5
887,0.0,second,male,27.0,S,2.777603181054726,0
888,1.0,first,female,19.0,S,3.671018063640935,0
889,0.0,third,female,28.0,S,3.401389129161142,3
890,1.0,first,male,26.0,C,3.671018063640935,0
891,0.0,third,male,32.0,Q,2.2620744220130624,0
